tag,instance,actual_customers,instance_hash,config_hash,method,solver_backend,feasible,objective,runtime,mip_gap,status,timeout,proven_optimal,validation,n_variables,n_constraints,n_nonzeros,free_variables,active_constraints_before_presolve,active_nonzeros_before_presolve,presolved_variables,presolved_constraints,presolved_nonzeros,n_label,maxradius,source_file
table1_n10_r20_uniform-51-n10-maxradius-20,uniform-51-n10-maxradius-20,9,76b2f6f489dc1d25,8ccde3f71fb3c633,exact,highs,True,301.1840246080579,1.0941505419999658,0.0,OPTIMAL,False,True,,724,10725,37550,648,10710,33382,,,,10,20,uniform-51-n10-maxradius-20.txt
table1_n10_r20_uniform-52-n10-maxradius-20,uniform-52-n10-maxradius-20,9,cc86dd353f38d9f2,8ccde3f71fb3c633,exact,highs,True,303.87346969962573,1.1681089279999242,0.0,OPTIMAL,False,True,,724,10725,37550,648,10710,33382,,,,10,20,uniform-52-n10-maxradius-20.txt
table1_n10_r40_uniform-51-n10-maxradius-40,uniform-51-n10-maxradius-40,9,5ce1df61037f0b9d,8ccde3f71fb3c633,exact,highs,True,301.1840246080579,0.7275409889999764,0.0,OPTIMAL,False,True,,724,10725,37550,648,10710,33382,,,,10,40,uniform-51-n10-maxradius-40.txt
table1_n10_r40_uniform-52-n10-maxradius-40,uniform-52-n10-maxradius-40,9,53cffdd4fa9f0764,8ccde3f71fb3c633,exact,highs,True,303.87346969962573,2.1813106099999686,0.0,OPTIMAL,False,True,,724,10725,37550,648,10710,33382,,,,10,40,uniform-52-n10-maxradius-40.txt
table1_n10_r60_uniform-51-n10-maxradius-60,uniform-51-n10-maxradius-60,9,e57684214675e788,8ccde3f71fb3c633,exact,highs,True,301.1840246080579,1.4269718230000308,0.0,OPTIMAL,False,True,,724,10725,37550,648,10710,33382,,,,10,60,uniform-51-n10-maxradius-60.txt
table1_n10_r60_uniform-52-n10-maxradius-60,uniform-52-n10-maxradius-60,9,5303a854175f666a,8ccde3f71fb3c633,exact,highs,True,303.87346969962573,10.97706934200005,0.0,OPTIMAL,False,True,,724,10725,37550,648,10710,33382,,,,10,60,uniform-52-n10-maxradius-60.txt
table1_n10_r100_uniform-51-n10-maxradius-100,uniform-51-n10-maxradius-100,9,4159026573f3981b,8ccde3f71fb3c633,exact,highs,True,296.8801151992065,17.915920189000076,0.0,OPTIMAL,False,True,,724,10725,37550,648,10710,33382,,,,10,100,uniform-51-n10-maxradius-100.txt
table1_n10_r100_uniform-52-n10-maxradius-100,uniform-52-n10-maxradius-100,9,c94b9bc9ac849dad,8ccde3f71fb3c633,exact,highs,True,288.1741642235573,49.94241582199993,0.0,OPTIMAL,False,True,,724,10725,37550,648,10710,33382,,,,10,100,uniform-52-n10-maxradius-100.txt
table1_n10_r150_uniform-51-n10-maxradius-150,uniform-51-n10-maxradius-150,9,0361a14a781e5d78,8ccde3f71fb3c633,exact,highs,True,291.81673281891557,84.35408620999999,0.0,OPTIMAL,False,True,,724,10725,37550,648,10710,33382,,,,10,150,uniform-51-n10-maxradius-150.txt
table1_n10_r150_uniform-52-n10-maxradius-150,uniform-52-n10-maxradius-150,9,ca9fd35c416de217,8ccde3f71fb3c633,exact,highs,True,226.72089374596246,308.56416665200004,0.0,OPTIMAL,False,True,,724,10725,37550,648,10710,33382,,,,10,150,uniform-52-n10-maxradius-150.txt
table1_n10_r200_uniform-51-n10-maxradius-200,uniform-51-n10-maxradius-200,9,cdfe3df0c1dba983,8ccde3f71fb3c633,exact,highs,True,250.7257248985576,266.0638347659999,0.0,OPTIMAL,False,True,,724,10725,37550,648,10710,33382,,,,10,200,uniform-51-n10-maxradius-200.txt
table1_n10_r200_uniform-52-n10-maxradius-200,uniform-52-n10-maxradius-200,9,610907852832a31d,8ccde3f71fb3c633,exact,highs,True,191.32857498011586,208.45497554999997,0.0,OPTIMAL,False,True,,724,10725,37550,648,10710,33382,,,,10,200,uniform-52-n10-maxradius-200.txt
table1_n20_r5_uniform-61-n20-maxradius-5,uniform-61-n20-maxradius-5,19,7e7e05698feade23,8ccde3f71fb3c633,exact,highs,True,356.2252539637875,96.46133746800001,0.0,OPTIMAL,False,True,,2749,78650,271045,2593,78625,254667,,,,20,5,uniform-61-n20-maxradius-5.txt
table1_n20_r5_uniform-62-n20-maxradius-5,uniform-62-n20-maxradius-5,19,343ee408d0d7ece6,8ccde3f71fb3c633,exact,highs,True,375.6684968774001,1086.998347633,0.0,OPTIMAL,False,True,,2749,78650,271045,2593,78625,254667,,,,20,5,uniform-62-n20-maxradius-5.txt
table1_n20_r10_uniform-61-n20-maxradius-10,uniform-61-n20-maxradius-10,19,c1d2b2da384bb18a,8ccde3f71fb3c633,exact,highs,True,356.2252539637875,82.12768958400011,0.0,OPTIMAL,False,True,,2749,78650,271045,2593,78625,254667,,,,20,10,uniform-61-n20-maxradius-10.txt
table1_n20_r10_uniform-62-n20-maxradius-10,uniform-62-n20-maxradius-10,19,2009237fff4d9e11,8ccde3f71fb3c633,exact,highs,True,375.6684968774001,1749.9576857850002,0.0,OPTIMAL,False,True,,2749,78650,271045,2593,78625,254667,,,,20,10,uniform-62-n20-maxradius-10.txt
table1_n20_r15_uniform-61-n20-maxradius-15,uniform-61-n20-maxradius-15,19,e5172232f1bbde20,8ccde3f71fb3c633,exact,highs,True,356.2252539637874,87.85350150999966,0.0,OPTIMAL,False,True,,2749,78650,271045,2593,78625,254667,,,,20,15,uniform-61-n20-maxradius-15.txt
table1_n20_r15_uniform-62-n20-maxradius-15,uniform-62-n20-maxradius-15,19,2bd108b78c6fb6f3,8ccde3f71fb3c633,exact,highs,True,375.6684968774001,355.8892112530002,0.0,OPTIMAL,False,True,,2749,78650,271045,2593,78625,254667,,,,20,15,uniform-62-n20-maxradius-15.txt
table1_n20_r20_uniform-61-n20-maxradius-20,uniform-61-n20-maxradius-20,19,89a2d98dd3c3d3d2,8ccde3f71fb3c633,exact,highs,True,356.2252539637875,97.617587533,0.0,OPTIMAL,False,True,,2749,78650,271045,2593,78625,254667,,,,20,20,uniform-61-n20-maxradius-20.txt
table1_n20_r20_uniform-62-n20-maxradius-20,uniform-62-n20-maxradius-20,19,5cf15b43ca497257,8ccde3f71fb3c633,exact,highs,True,375.6684968774001,732.7128904949996,0.0,OPTIMAL,False,True,,2749,78650,271045,2593,78625,254667,,,,20,20,uniform-62-n20-maxradius-20.txt
table1_n20_r30_uniform-61-n20-maxradius-30,uniform-61-n20-maxradius-30,19,1c8f26c332fcb924,8ccde3f71fb3c633,exact,highs,True,353.63849370333037,115.28419608500008,0.0,OPTIMAL,False,True,,2749,78650,271045,2593,78625,254667,,,,20,30,uniform-61-n20-maxradius-30.txt
table1_n20_r30_uniform-62-n20-maxradius-30,uniform-62-n20-maxradius-30,19,919db3b088e65251,8ccde3f71fb3c633,exact,highs,True,375.6684968774001,1512.431403988,0.0,OPTIMAL,False,True,,2749,78650,271045,2593,78625,254667,,,,20,30,uniform-62-n20-maxradius-30.txt
table1_n20_r40_uniform-61-n20-maxradius-40,uniform-61-n20-maxradius-40,19,cfa5b072746e6cc1,8ccde3f71fb3c633,exact,highs,True,350.01191125950055,2081.0802952099993,0.0,OPTIMAL,False,True,,2749,78650,271045,2593,78625,254667,,,,20,40,uniform-61-n20-maxradius-40.txt
table1_n20_r40_uniform-62-n20-maxradius-40,uniform-62-n20-maxradius-40,19,f8a699f7093e4a15,8ccde3f71fb3c633,exact,highs,True,372.93031262255556,3602.181982876,0.0741988027387498,TIME_LIMIT,True,False,,2749,78650,271045,2593,78625,254667,,,,20,40,uniform-62-n20-maxradius-40.txt
table1_n20_r50_uniform-61-n20-maxradius-50,uniform-61-n20-maxradius-50,19,e60d756db97f0ada,8ccde3f71fb3c633,exact,highs,True,347.42980077926387,3602.264131301001,0.05597312300476159,TIME_LIMIT,True,False,,2749,78650,271045,2593,78625,254667,,,,20,50,uniform-61-n20-maxradius-50.txt
table1_n20_r50_uniform-62-n20-maxradius-50,uniform-62-n20-maxradius-50,19,ac03a3cb1b155a0a,8ccde3f71fb3c633,exact,highs,True,376.1365245749501,3602.182649997001,0.16545889765711635,TIME_LIMIT,True,False,,2749,78650,271045,2593,78625,254667,,,,20,50,uniform-62-n20-maxradius-50.txt
