n,seed,iteration,elapsed_seconds,best_so_far,active_components
20,1,1,3.0,365.08,35
20,1,2,6.2,356.31,65
20,1,3,9.6,311.16,93
20,1,4,14.8,307.24,93
20,1,5,19.3,307.24,88
20,1,6,37.0,307.24,106
20,1,7,54.4,307.24,117
20,1,8,63.3,307.24,109
20,1,9,77.4,299.69,114
20,1,10,87.1,299.69,109
20,1,11,104.9,299.69,110
20,1,12,109.5,298.6,109
20,1,13,127.2,298.6,117
20,1,14,144.9,298.6,115
20,1,15,161.3,298.6,111
20,1,16,166.1,298.6,106
20,1,17,184.1,298.6,112
20,1,18,201.9,298.6,108
20,1,19,207.4,298.6,97
20,1,20,225.1,298.6,107
20,1,21,242.7,298.6,114
20,1,22,260.5,298.6,106
20,1,23,271.6,298.6,103
20,1,24,289.4,298.6,111
20,1,25,307.0,298.6,117
20,1,26,311.3,298.6,95
20,1,27,315.9,298.6,102
20,1,28,320.6,298.6,98
20,1,29,325.7,298.6,103
20,1,30,331.9,298.6,103
20,1,31,349.6,298.6,113
20,1,32,354.6,298.6,105
20,1,33,360.4,298.6,107
20,1,34,369.2,298.6,110
20,1,35,386.9,298.6,113
20,1,36,397.3,298.6,107
20,1,37,414.9,298.6,115
20,1,38,421.1,298.6,102
20,1,39,424.4,298.6,75
20,1,40,427.7,298.6,77
20,1,41,431.2,298.6,85
20,1,42,435.3,298.6,97
20,1,43,453.0,298.6,115
20,1,44,458.4,298.6,105
20,1,45,476.0,298.6,118
20,1,46,480.7,298.6,106
20,1,47,485.0,298.6,109
20,1,48,490.6,298.6,109
20,1,49,498.2,298.6,116
20,1,50,515.9,298.6,118
20,1,51,533.7,298.6,114
20,1,52,538.0,298.6,93
20,1,53,542.2,298.6,97
20,1,54,546.3,298.6,101
20,1,55,553.5,298.6,111
20,1,56,559.7,298.6,110
20,1,57,563.3,298.6,90
20,1,58,569.8,298.6,109
20,1,59,579.7,298.6,113
20,1,60,586.1,298.6,92
20,1,61,591.6,298.6,108
20,1,62,596.7,298.6,106
20,1,63,600.7,298.6,103
20,1,64,604.9,298.6,107
20,1,65,622.5,298.6,118
20,1,66,631.3,298.6,110
20,1,67,634.9,298.6,96
20,1,68,639.4,298.6,99
20,1,69,643.6,298.6,95
20,1,70,650.5,298.6,105
20,1,71,668.2,298.6,116
20,1,72,686.0,298.6,117
20,1,73,703.6,298.6,108
20,1,74,721.4,298.6,119
20,1,75,730.8,298.6,112
20,1,76,748.5,298.6,125
20,1,77,766.2,298.6,116
20,1,78,783.9,298.6,112
20,1,79,801.7,298.6,117
20,1,80,806.4,298.6,97
20,1,81,824.0,298.6,120
20,1,82,830.4,298.6,107
20,1,83,834.8,298.6,100
20,1,84,844.6,298.6,107
20,1,85,852.9,298.6,108
20,1,86,857.3,298.6,95
20,1,87,865.5,298.6,111
20,1,88,871.5,298.6,109
20,1,89,889.2,298.6,111
20,1,90,907.0,298.6,106
20,1,91,916.8,298.6,101
20,1,92,920.5,298.6,97
20,1,93,927.2,298.6,110
20,1,94,944.3,298.6,113
20,1,95,962.0,298.6,113
20,1,96,970.0,297.28,102
20,1,97,976.8,297.28,104
20,1,98,981.1,297.28,93
20,1,99,985.5,297.28,93
20,1,100,992.2,297.28,104
20,1,101,997.3,297.28,97
20,1,102,1015.1,297.28,112
20,1,103,1026.4,297.28,112
20,1,104,1033.4,297.28,111
20,1,105,1041.3,297.28,110
20,1,106,1059.1,297.28,115
20,1,107,1064.9,297.28,105
20,1,108,1074.3,297.28,107
20,1,109,1092.0,297.28,112
20,1,110,1100.6,297.28,110
20,1,111,1105.7,297.28,96
20,1,112,1111.7,297.28,104
20,1,113,1122.2,297.28,112
20,1,114,1140.0,297.28,120
20,1,115,1157.7,297.28,125
20,1,116,1175.2,297.28,106
20,1,117,1178.7,297.28,90
20,1,118,1188.5,297.28,116
20,1,119,1194.7,297.28,98
20,1,120,1212.4,297.28,119
20,1,121,1230.0,297.28,115
20,1,122,1247.8,297.28,116
20,1,123,1261.3,297.28,109
20,1,124,1264.6,297.28,90
20,1,125,1269.8,297.28,101
20,1,126,1276.6,297.28,108
20,1,127,1289.5,297.28,106
20,1,128,1307.2,297.28,114
20,1,129,1324.8,297.28,119
20,1,130,1342.6,297.28,106
20,1,131,1360.3,297.28,109
20,1,132,1378.0,297.28,107
20,1,133,1381.3,297.28,88
20,1,134,1390.9,297.28,109
20,1,135,1408.6,297.28,117
20,1,136,1426.3,297.28,109
20,1,137,1435.4,297.28,97
20,1,138,1442.8,297.28,96
20,1,139,1448.0,297.28,102
20,1,140,1453.4,297.28,109
20,1,141,1471.1,297.28,118
20,1,142,1488.9,297.28,125
20,1,143,1506.6,297.28,111
20,1,144,1524.3,297.28,120
20,1,145,1533.0,297.28,110
20,1,146,1550.8,297.28,108
20,1,147,1557.2,297.28,109
20,1,148,1574.9,297.28,109
20,1,149,1580.1,297.28,105
20,1,150,1584.7,297.28,101
20,1,151,1590.2,297.28,108
20,1,152,1594.8,297.28,106
20,1,153,1601.5,297.28,106
20,1,154,1611.5,297.28,107
20,1,155,1617.0,297.28,108
20,1,156,1622.5,297.28,111
20,1,157,1627.0,297.28,104
20,1,158,1630.2,297.28,84
20,1,159,1633.7,297.28,95
20,1,160,1637.4,297.28,102
20,1,161,1642.9,297.28,112
20,1,162,1649.4,297.28,111
20,1,163,1656.0,297.28,109
20,1,164,1662.8,297.28,102
20,1,165,1669.9,297.28,102
20,1,166,1676.3,297.28,103
20,1,167,1683.9,297.28,114
20,1,168,1701.6,297.28,117
20,1,169,1719.3,297.28,123
20,1,170,1730.4,297.28,111
20,1,171,1748.1,297.28,108
20,1,172,1764.4,297.28,109
20,1,173,1772.0,297.28,109
20,1,174,1784.5,297.28,103
20,1,175,1792.2,297.28,88
20,1,176,1800.2,297.28,98
20,2,1,2.9,374.78,35
20,2,2,5.9,359.9,67
20,2,3,9.8,345.41,86
20,2,4,27.0,345.41,107
20,2,5,32.4,341.69,106
20,2,6,50.1,341.69,123
20,2,7,67.9,341.69,116
20,2,8,71.4,335.33,79
20,2,9,77.2,332.78,92
20,2,10,83.3,332.78,96
20,2,11,92.7,321.04,106
20,2,12,107.9,321.04,114
20,2,13,113.0,321.04,101
20,2,14,124.6,321.04,111
20,2,15,129.6,319.31,105
20,2,16,135.0,319.31,102
20,2,17,140.1,319.07,98
20,2,18,157.8,319.07,111
20,2,19,162.8,319.07,101
20,2,20,180.6,319.07,123
20,2,21,191.5,317.07,113
20,2,22,209.2,317.07,117
20,2,23,226.9,317.07,121
20,2,24,244.6,317.07,118
20,2,25,258.6,317.07,94
20,2,26,264.8,317.07,99
20,2,27,270.4,317.07,100
20,2,28,276.9,317.07,107
20,2,29,284.0,317.07,111
20,2,30,301.8,317.07,117
20,2,31,319.4,317.07,117
20,2,32,337.1,317.07,113
20,2,33,355.0,317.07,118
20,2,34,372.7,317.07,121
20,2,35,390.3,317.07,117
20,2,36,401.4,303.47,98
20,2,37,405.7,303.47,98
20,2,38,410.1,303.47,107
20,2,39,427.8,303.47,117
20,2,40,445.5,303.47,123
20,2,41,463.4,303.47,118
20,2,42,481.0,303.47,114
20,2,43,498.7,303.47,135
20,2,44,509.0,303.47,106
20,2,45,526.6,303.47,117
20,2,46,544.4,303.47,115
20,2,47,548.3,303.47,91
20,2,48,566.0,303.47,113
20,2,49,583.8,303.47,128
20,2,50,601.4,303.47,111
20,2,51,605.1,303.47,90
20,2,52,608.4,303.47,87
20,2,53,611.7,303.47,88
20,2,54,616.9,303.47,103
20,2,55,620.5,303.47,92
20,2,56,632.0,303.47,111
20,2,57,646.1,303.47,108
20,2,58,654.8,303.47,107
20,2,59,658.7,303.47,94
20,2,60,664.6,303.47,104
20,2,61,669.0,303.47,99
20,2,62,673.9,303.47,96
20,2,63,678.6,303.47,98
20,2,64,684.8,303.47,98
20,2,65,703.0,303.47,110
20,2,66,720.1,303.47,107
20,2,67,737.8,303.47,122
20,2,68,755.6,303.47,119
20,2,69,773.2,303.47,114
20,2,70,786.3,303.47,114
20,2,71,796.2,303.47,112
20,2,72,807.9,303.47,120
20,2,73,820.9,303.47,113
20,2,74,838.8,303.47,120
20,2,75,856.5,303.47,118
20,2,76,874.4,303.47,127
20,2,77,882.5,303.47,118
20,2,78,900.3,303.47,114
20,2,79,918.0,303.47,117
20,2,80,935.8,298.75,115
20,2,81,953.6,298.75,121
20,2,82,971.3,298.75,115
20,2,83,984.1,298.75,107
20,2,84,994.2,298.75,118
20,2,85,1011.9,298.75,113
20,2,86,1026.0,298.75,109
20,2,87,1043.6,298.75,112
20,2,88,1061.4,298.75,113
20,2,89,1066.7,298.75,108
20,2,90,1084.4,298.75,106
20,2,91,1091.5,298.75,107
20,2,92,1099.9,298.75,105
20,2,93,1105.5,298.75,107
20,2,94,1123.3,298.75,116
20,2,95,1140.9,298.75,114
20,2,96,1158.6,298.75,119
20,2,97,1175.2,298.75,117
20,2,98,1181.6,298.75,109
20,2,99,1187.0,298.75,109
20,2,100,1192.4,298.75,105
20,2,101,1210.1,298.75,113
20,2,102,1215.7,298.75,100
20,2,103,1226.5,298.75,101
20,2,104,1234.8,298.75,96
20,2,105,1243.3,298.75,115
20,2,106,1260.9,298.75,116
20,2,107,1278.6,298.75,111
20,2,108,1282.9,298.75,97
20,2,109,1288.0,298.75,101
20,2,110,1302.7,298.75,113
20,2,111,1320.3,298.75,119
20,2,112,1326.1,298.75,108
20,2,113,1331.2,298.75,102
20,2,114,1335.4,298.75,101
20,2,115,1340.5,298.75,100
20,2,116,1345.4,298.75,105
20,2,117,1351.0,298.75,99
20,2,118,1368.8,298.75,112
20,2,119,1386.5,298.75,116
20,2,120,1404.2,298.75,120
20,2,121,1422.0,298.75,111
20,2,122,1425.4,298.75,91
20,2,123,1443.1,298.75,115
20,2,124,1460.9,298.75,120
20,2,125,1471.3,298.75,114
20,2,126,1476.9,298.75,88
20,2,127,1494.6,298.75,108
20,2,128,1506.3,298.75,104
20,2,129,1513.4,298.75,114
20,2,130,1531.1,298.75,119
20,2,131,1548.8,298.75,113
20,2,132,1566.6,298.75,111
20,2,133,1584.3,298.75,116
20,2,134,1597.4,298.75,110
20,2,135,1601.5,298.75,94
20,2,136,1605.7,298.75,101
20,2,137,1623.5,298.75,120
20,2,138,1630.0,298.75,109
20,2,139,1647.7,298.75,113
20,2,140,1651.5,298.75,101
20,2,141,1657.0,298.75,115
20,2,142,1663.2,298.75,110
20,2,143,1672.2,298.75,111
20,2,144,1678.9,298.75,100
20,2,145,1696.7,298.75,110
20,2,146,1714.3,298.75,117
20,2,147,1732.0,298.75,130
20,2,148,1738.7,298.75,112
20,2,149,1743.3,298.75,109
20,2,150,1754.7,298.75,108
20,2,151,1761.4,298.75,100
20,2,152,1769.5,298.75,105
20,2,153,1787.3,298.75,103
20,2,154,1800.2,298.75,110
20,3,1,2.8,386.42,35
20,3,2,5.9,337.34,64
20,3,3,9.5,337.34,88
20,3,4,12.8,337.34,88
20,3,5,17.2,337.34,101
20,3,6,21.4,337.34,103
20,3,7,33.4,326.31,113
20,3,8,51.2,326.31,120
20,3,9,58.8,326.31,115
20,3,10,67.2,326.31,112
20,3,11,72.4,326.31,109
20,3,12,90.1,326.31,111
20,3,13,107.8,326.31,118
20,3,14,114.7,326.31,111
20,3,15,123.2,326.31,113
20,3,16,130.5,326.31,114
20,3,17,134.2,326.31,107
20,3,18,139.3,313.76,107
20,3,19,144.4,313.76,109
20,3,20,150.6,313.76,109
20,3,21,160.6,313.76,119
20,3,22,178.6,313.76,117
20,3,23,196.3,313.76,119
20,3,24,213.0,313.76,107
20,3,25,231.0,313.76,114
20,3,26,242.1,313.76,108
20,3,27,259.8,313.76,122
20,3,28,273.3,313.76,121
20,3,29,283.9,313.76,112
20,3,30,292.4,309.1,107
20,3,31,297.2,309.1,109
20,3,32,308.3,309.1,113
20,3,33,320.3,309.1,114
20,3,34,338.0,309.1,114
20,3,35,343.5,309.1,108
20,3,36,347.8,309.1,110
20,3,37,352.3,309.1,110
20,3,38,366.6,309.1,117
20,3,39,379.6,309.1,116
20,3,40,389.3,309.1,113
20,3,41,395.4,309.1,109
20,3,42,400.6,309.1,112
20,3,43,405.3,309.1,112
20,3,44,411.1,309.1,113
20,3,45,421.2,309.1,108
20,3,46,438.9,309.1,116
20,3,47,456.6,309.1,113
20,3,48,461.5,309.1,103
20,3,49,469.5,309.1,108
20,3,50,487.2,309.1,114
20,3,51,497.2,309.1,112
20,3,52,509.2,309.1,113
20,3,53,522.6,309.1,118
20,3,54,528.5,309.1,115
20,3,55,541.9,309.1,112
20,3,56,559.7,309.1,120
20,3,57,577.4,309.1,120
20,3,58,584.8,309.1,99
20,3,59,594.6,309.1,117
20,3,60,600.7,309.1,105
20,3,61,607.4,309.1,114
20,3,62,612.6,309.1,105
20,3,63,618.4,305.25,105
20,3,64,629.4,305.25,112
20,3,65,637.9,305.25,113
20,3,66,655.6,305.25,115
20,3,67,673.3,305.25,117
20,3,68,691.3,305.25,107
20,3,69,702.6,305.25,108
20,3,70,720.3,305.25,107
20,3,71,738.1,305.25,103
20,3,72,743.7,305.25,100
20,3,73,749.1,305.25,108
20,3,74,752.6,300.18,99
20,3,75,756.9,300.18,95
20,3,76,761.2,300.18,99
20,3,77,774.4,300.18,116
20,3,78,791.5,300.18,125
20,3,79,798.3,300.18,122
20,3,80,803.0,299.2,107
20,3,81,818.2,299.2,113
20,3,82,824.3,299.2,103
20,3,83,835.4,299.2,112
20,3,84,847.8,299.2,116
20,3,85,855.2,299.2,107
20,3,86,872.9,299.2,111
20,3,87,879.8,299.2,124
20,3,88,897.6,299.2,133
20,3,89,915.3,299.2,122
20,3,90,925.5,299.2,124
20,3,91,929.9,299.2,91
20,3,92,933.3,299.2,90
20,3,93,936.8,299.2,91
20,3,94,952.6,299.2,110
20,3,95,958.0,299.2,100
20,3,96,963.6,299.2,103
20,3,97,971.4,299.2,111
20,3,98,989.1,299.2,120
20,3,99,1001.3,299.2,117
20,3,100,1009.1,299.2,107
20,3,101,1024.6,299.2,106
20,3,102,1037.2,299.2,107
20,3,103,1055.0,299.2,102
20,3,104,1063.7,299.2,104
20,3,105,1072.5,299.2,103
20,3,106,1077.8,299.2,107
20,3,107,1083.1,299.2,109
20,3,108,1100.8,299.2,110
20,3,109,1105.4,299.2,100
20,3,110,1110.0,299.2,104
20,3,111,1116.8,299.2,110
20,3,112,1128.1,299.2,118
20,3,113,1133.6,299.2,107
20,3,114,1139.2,299.2,109
20,3,115,1145.0,292.97,109
20,3,116,1149.5,292.97,101
20,3,117,1155.0,292.97,106
20,3,118,1160.0,292.97,106
20,3,119,1177.7,292.97,113
20,3,120,1188.0,292.97,108
20,3,121,1202.1,292.97,119
20,3,122,1207.8,292.97,110
20,3,123,1212.2,292.97,100
20,3,124,1215.6,292.97,82
20,3,125,1219.0,292.97,86
20,3,126,1222.7,291.71,99
20,3,127,1232.5,291.71,109
20,3,128,1237.3,291.71,103
20,3,129,1242.3,291.71,106
20,3,130,1246.4,291.71,103
20,3,131,1252.3,291.71,110
20,3,132,1262.1,291.71,115
20,3,133,1279.8,291.71,114
20,3,134,1285.8,291.71,108
20,3,135,1293.6,291.71,109
20,3,136,1298.6,291.71,107
20,3,137,1305.1,291.71,105
20,3,138,1314.2,291.71,115
20,3,139,1319.2,291.71,107
20,3,140,1324.1,291.71,105
20,3,141,1328.6,291.71,106
20,3,142,1335.1,291.71,103
20,3,143,1345.9,291.71,113
20,3,144,1354.2,291.71,113
20,3,145,1361.3,291.71,110
20,3,146,1369.9,291.71,110
20,3,147,1377.9,291.71,112
20,3,148,1383.1,291.71,98
20,3,149,1390.0,291.71,106
20,3,150,1407.7,291.71,111
20,3,151,1412.9,291.71,105
20,3,152,1419.9,291.71,103
20,3,153,1424.0,291.71,101
20,3,154,1428.0,291.71,95
20,3,155,1434.3,291.71,104
20,3,156,1438.8,291.71,104
20,3,157,1444.8,291.71,111
20,3,158,1448.8,291.71,96
20,3,159,1455.2,291.71,115
20,3,160,1462.1,291.71,112
20,3,161,1479.8,291.71,113
20,3,162,1485.3,291.71,107
20,3,163,1503.1,291.71,110
20,3,164,1509.9,291.71,103
20,3,165,1516.7,291.71,108
20,3,166,1529.3,291.71,116
20,3,167,1536.6,291.71,117
20,3,168,1540.9,291.71,100
20,3,169,1545.2,291.71,103
20,3,170,1559.6,291.71,120
20,3,171,1565.0,291.71,106
20,3,172,1569.1,291.71,99
20,3,173,1575.5,291.71,107
20,3,174,1582.7,291.71,110
20,3,175,1592.4,291.71,116
20,3,176,1601.8,291.71,116
20,3,177,1611.0,291.71,108
20,3,178,1614.9,291.71,92
20,3,179,1619.0,291.71,95
20,3,180,1623.5,291.71,102
20,3,181,1632.6,291.71,113
20,3,182,1649.5,291.71,117
20,3,183,1657.6,291.71,113
20,3,184,1671.6,291.71,111
20,3,185,1686.1,291.71,100
20,3,186,1700.9,291.71,111
20,3,187,1712.0,291.71,110
20,3,188,1718.1,291.71,106
20,3,189,1726.0,291.71,107
20,3,190,1733.4,291.71,114
20,3,191,1751.1,291.71,123
20,3,192,1768.9,291.71,121
20,3,193,1786.7,291.71,121
20,3,194,1793.2,291.71,111
20,3,195,1800.2,291.71,108
30,1,1,10.9,431.18,51
30,1,2,21.9,431.18,93
30,1,3,35.0,407.31,128
30,1,4,61.1,407.31,162
30,1,5,77.8,407.31,128
30,1,6,103.2,407.31,153
30,1,7,127.9,407.31,145
30,1,8,154.0,407.31,160
30,1,9,179.2,407.31,143
30,1,10,192.9,407.31,134
30,1,11,205.8,407.31,130
30,1,12,231.8,407.31,162
30,1,13,256.7,407.31,168
30,1,14,273.7,407.31,141
30,1,15,291.0,405.42,133
30,1,16,316.2,405.42,158
30,1,17,341.1,405.42,152
30,1,18,365.9,391.42,154
30,1,19,391.6,391.42,151
30,1,20,416.4,391.42,145
30,1,21,441.8,391.42,161
30,1,22,468.5,391.42,169
30,1,23,493.2,391.42,166
30,1,24,508.6,391.42,139
30,1,25,532.3,391.42,147
30,1,26,557.3,391.42,173
30,1,27,582.1,391.42,150
30,1,28,606.8,391.42,164
30,1,29,631.6,391.42,165
30,1,30,647.3,391.42,128
30,1,31,662.8,391.42,128
30,1,32,687.5,391.42,159
30,1,33,712.4,391.42,165
30,1,34,728.3,391.42,126
30,1,35,744.4,391.42,134
30,1,36,769.3,391.42,151
30,1,37,795.1,391.42,170
30,1,38,820.0,391.42,159
30,1,39,845.5,391.42,145
30,1,40,870.2,391.42,146
30,1,41,895.1,391.42,124
30,1,42,912.1,391.42,138
30,1,43,937.4,391.42,168
30,1,44,963.0,391.42,171
30,1,45,978.7,391.42,134
30,1,46,993.1,391.42,127
30,1,47,1018.0,391.42,152
30,1,48,1042.7,391.42,163
30,1,49,1067.8,391.42,137
30,1,50,1092.7,391.42,142
30,1,51,1117.4,391.42,161
30,1,52,1142.2,391.42,158
30,1,53,1167.2,391.42,129
30,1,54,1186.3,390.02,147
30,1,55,1211.1,390.02,171
30,1,56,1235.9,390.02,156
30,1,57,1258.5,378.6,127
30,1,58,1283.5,378.6,147
30,1,59,1308.3,378.6,158
30,1,60,1333.1,378.6,153
30,1,61,1358.3,378.6,150
30,1,62,1383.2,378.6,149
30,1,63,1408.8,378.6,159
30,1,64,1433.6,378.6,176
30,1,65,1449.4,378.6,136
30,1,66,1470.7,378.6,132
30,1,67,1495.5,378.6,148
30,1,68,1521.2,378.6,163
30,1,69,1537.1,378.6,138
30,1,70,1562.1,378.6,140
30,1,71,1586.9,378.6,124
30,1,72,1611.8,378.6,150
30,1,73,1636.8,378.6,154
30,1,74,1662.5,378.6,157
30,1,75,1676.1,378.6,131
30,1,76,1690.9,378.6,133
30,1,77,1715.9,378.6,160
30,1,78,1740.8,378.6,168
30,1,79,1765.6,378.6,181
30,1,80,1790.4,378.6,169
30,1,81,1800.6,378.6,133
30,2,1,10.5,466.8,51
30,2,2,22.0,395.11,95
30,2,3,36.0,395.11,132
30,2,4,56.2,387.94,140
30,2,5,81.0,387.94,173
30,2,6,106.0,387.94,149
30,2,7,130.8,387.94,138
30,2,8,155.9,387.94,151
30,2,9,180.9,352.63,145
30,2,10,205.9,352.63,156
30,2,11,230.7,352.63,166
30,2,12,255.5,352.63,170
30,2,13,273.9,352.63,135
30,2,14,298.9,352.63,134
30,2,15,323.7,352.63,151
30,2,16,348.5,352.63,164
30,2,17,374.2,352.63,153
30,2,18,393.2,352.63,127
30,2,19,418.5,352.63,148
30,2,20,443.3,352.63,154
30,2,21,457.4,352.63,134
30,2,22,473.2,352.63,136
30,2,23,498.0,352.63,157
30,2,24,523.7,352.63,170
30,2,25,543.0,352.63,144
30,2,26,567.9,352.63,170
30,2,27,592.5,352.63,176
30,2,28,617.5,352.63,133
30,2,29,642.5,352.63,157
30,2,30,667.5,352.63,151
30,2,31,692.1,352.63,158
30,2,32,717.1,352.63,152
30,2,33,742.0,352.63,163
30,2,34,766.9,352.63,162
30,2,35,783.0,352.63,137
30,2,36,799.8,352.63,133
30,2,37,817.5,352.63,123
30,2,38,842.4,352.63,132
30,2,39,867.8,352.63,166
30,2,40,892.6,352.63,171
30,2,41,906.9,352.63,131
30,2,42,925.4,352.63,141
30,2,43,950.2,352.63,174
30,2,44,975.0,352.63,169
30,2,45,988.7,352.63,134
30,2,46,1011.7,352.63,143
30,2,47,1028.1,352.63,138
30,2,48,1052.8,352.63,162
30,2,49,1077.7,352.63,157
30,2,50,1094.3,352.63,138
30,2,51,1119.0,352.63,168
30,2,52,1143.8,352.63,169
30,2,53,1164.0,352.63,134
30,2,54,1189.0,352.63,172
30,2,55,1213.7,352.63,169
30,2,56,1235.0,352.63,134
30,2,57,1259.9,352.63,162
30,2,58,1284.8,352.63,167
30,2,59,1299.6,352.63,135
30,2,60,1313.6,352.63,135
30,2,61,1329.1,352.63,137
30,2,62,1354.2,352.63,153
30,2,63,1379.2,352.63,155
30,2,64,1404.2,352.63,143
30,2,65,1429.2,352.63,153
30,2,66,1454.1,352.63,172
30,2,67,1479.7,352.63,164
30,2,68,1495.2,352.63,133
30,2,69,1520.8,352.63,168
30,2,70,1545.7,352.63,148
30,2,71,1562.1,352.63,133
30,2,72,1587.0,352.63,151
30,2,73,1612.0,352.63,139
30,2,74,1637.0,352.63,150
30,2,75,1662.5,352.63,165
30,2,76,1687.3,352.63,166
30,2,77,1700.4,352.63,135
30,2,78,1725.6,352.63,155
30,2,79,1750.5,352.63,154
30,2,80,1771.5,352.63,137
30,2,81,1786.6,352.63,126
30,2,82,1800.8,352.63,134
30,3,1,10.4,433.54,51
30,3,2,21.6,433.54,95
30,3,3,38.0,431.62,138
30,3,4,62.8,431.62,171
30,3,5,87.7,431.62,174
30,3,6,105.7,391.52,126
30,3,7,130.6,391.52,139
30,3,8,155.4,391.52,153
30,3,9,180.5,391.52,164
30,3,10,205.7,391.52,175
30,3,11,230.4,391.52,173
30,3,12,255.4,391.52,133
30,3,13,280.4,386.99,131
30,3,14,305.3,386.99,159
30,3,15,330.0,386.99,151
30,3,16,350.2,385.46,132
30,3,17,375.4,385.46,153
30,3,18,400.3,385.46,157
30,3,19,419.4,385.46,130
30,3,20,444.2,385.46,164
30,3,21,469.8,385.46,165
30,3,22,487.7,383.82,140
30,3,23,512.5,383.82,177
30,3,24,537.2,383.82,166
30,3,25,562.2,383.82,134
30,3,26,588.4,383.82,149
30,3,27,614.2,383.82,141
30,3,28,631.4,383.82,123
30,3,29,656.4,383.82,128
30,3,30,672.8,383.82,140
30,3,31,697.4,383.82,156
30,3,32,722.2,383.82,164
30,3,33,739.1,383.82,124
30,3,34,764.0,383.82,141
30,3,35,788.7,383.82,159
30,3,36,807.4,383.82,138
30,3,37,833.2,383.82,135
30,3,38,851.1,383.82,134
30,3,39,876.0,383.82,136
30,3,40,900.8,383.82,146
30,3,41,926.5,383.82,160
30,3,42,951.4,383.82,160
30,3,43,965.5,383.82,133
30,3,44,983.1,377.0,143
30,3,45,1008.0,377.0,168
30,3,46,1034.1,377.0,153
30,3,47,1051.4,377.0,136
30,3,48,1065.1,377.0,129
30,3,49,1079.1,377.0,132
30,3,50,1104.0,377.0,163
30,3,51,1128.7,377.0,172
30,3,52,1142.1,377.0,132
30,3,53,1157.2,377.0,133
30,3,54,1183.4,377.0,158
30,3,55,1208.1,377.0,161
30,3,56,1221.4,377.0,130
30,3,57,1246.8,377.0,150
30,3,58,1271.8,372.94,151
30,3,59,1293.8,372.94,153
30,3,60,1319.3,372.94,149
30,3,61,1344.5,372.94,160
30,3,62,1720.8,372.94,140
30,3,63,1738.3,372.94,132
30,3,64,1763.1,372.94,167
30,3,65,1789.3,372.94,147
30,3,66,1802.3,372.94,136
40,1,1,27.7,475.64,69
40,1,2,56.2,475.64,133
40,1,3,95.6,469.59,176
40,1,4,138.6,469.59,217
40,1,5,179.6,469.59,214
40,1,6,221.5,469.59,182
40,1,7,262.1,469.59,180
40,1,8,302.7,469.59,180
40,1,9,346.8,469.59,190
40,1,10,388.5,469.59,178
40,1,11,430.6,469.59,171
40,1,12,470.8,469.59,163
40,1,13,512.0,469.59,186
40,1,14,552.4,468.76,188
40,1,15,592.6,468.76,175
40,1,16,629.6,462.49,176
40,1,17,672.3,462.49,212
40,1,18,713.3,462.49,213
40,1,19,754.0,438.33,162
40,1,20,794.9,438.33,194
40,1,21,836.3,438.33,208
40,1,22,876.8,438.33,180
40,1,23,918.4,438.33,188
40,1,24,960.1,438.33,224
40,1,25,1001.8,438.33,168
40,1,26,1042.3,438.33,160
40,1,27,1088.0,438.33,201
40,1,28,1130.1,438.33,209
40,1,29,1170.8,438.33,175
40,1,30,1213.0,438.33,171
40,1,31,1255.5,438.33,167
40,1,32,1300.9,438.33,188
40,1,33,1342.9,438.33,186
40,1,34,1385.1,438.33,180
40,1,35,1428.6,438.33,172
40,1,36,1468.7,438.33,178
40,1,37,1509.0,438.33,186
40,1,38,1552.5,438.33,226
40,1,39,1593.1,438.33,181
40,1,40,1634.2,438.33,174
40,1,41,1675.2,438.33,184
40,1,42,1715.5,438.33,182
40,1,43,1758.4,438.33,178
40,1,44,1800.7,438.33,172
40,2,1,27.1,527.99,69
40,2,2,54.7,521.9,135
40,2,3,96.5,521.9,177
40,2,4,137.6,503.04,175
40,2,5,179.4,503.04,177
40,2,6,224.9,503.04,188
40,2,7,269.3,503.04,176
40,2,8,310.0,480.72,187
40,2,9,350.9,480.72,180
40,2,10,391.7,480.72,184
40,2,11,433.2,480.72,177
40,2,12,474.6,479.31,179
40,2,13,515.7,479.31,186
40,2,14,556.6,479.31,183
40,2,15,598.0,479.31,165
40,2,16,639.0,479.31,182
40,2,17,679.4,479.31,181
40,2,18,720.7,479.31,183
40,2,19,767.2,479.31,225
40,2,20,809.1,479.31,173
40,2,21,850.9,479.31,173
40,2,22,891.3,479.31,172
40,2,23,932.3,479.31,168
40,2,24,972.6,479.31,172
40,2,25,1015.4,479.31,177
40,2,26,1055.8,479.31,176
40,2,27,1096.6,479.31,180
40,2,28,1138.3,479.31,176
40,2,29,1178.8,479.31,178
40,2,30,1222.1,479.31,187
40,2,31,1263.8,479.31,185
40,2,32,1305.1,479.31,177
40,2,33,1346.7,479.31,172
40,2,34,1391.4,479.31,205
40,2,35,1434.4,479.31,179
40,2,36,1477.2,479.31,172
40,2,37,1518.5,479.31,173
40,2,38,1562.1,479.31,191
40,2,39,1604.7,479.31,178
40,2,40,1645.5,479.31,159
40,2,41,1686.1,479.31,164
40,2,42,1727.9,479.31,185
40,2,43,1770.4,479.31,184
40,2,44,1807.4,479.31,188
40,3,1,27.1,497.0,69
40,3,2,55.4,497.0,131
40,3,3,97.5,497.0,181
40,3,4,138.3,497.0,228
40,3,5,177.0,497.0,174
40,3,6,217.6,497.0,223
40,3,7,260.3,497.0,224
40,3,8,303.4,497.0,177
40,3,9,343.9,443.47,174
40,3,10,386.1,443.47,184
40,3,11,428.5,443.47,179
40,3,12,470.5,443.47,186
40,3,13,513.3,443.47,189
40,3,14,553.7,443.47,180
40,3,15,595.4,443.47,182
40,3,16,636.8,443.47,179
40,3,17,677.2,443.47,182
40,3,18,718.4,443.47,182
40,3,19,761.2,443.47,205
40,3,20,802.8,443.47,170
40,3,21,843.2,443.47,168
40,3,22,884.0,443.47,213
40,3,23,928.9,443.47,234
40,3,24,969.3,443.47,181
40,3,25,1013.0,443.47,215
40,3,26,1056.9,443.47,230
40,3,27,1099.3,443.47,178
40,3,28,1140.8,443.47,176
40,3,29,1184.5,443.47,182
40,3,30,1226.5,443.47,169
40,3,31,1267.3,443.47,165
40,3,32,1309.7,443.47,188
40,3,33,1354.4,443.47,218
40,3,34,1395.2,443.47,180
40,3,35,1436.0,443.47,177
40,3,36,1476.7,443.47,170
40,3,37,1517.4,443.47,179
40,3,38,1560.4,443.47,221
40,3,39,1601.7,443.47,182
40,3,40,1642.6,443.47,184
40,3,41,1683.6,443.47,182
40,3,42,1724.0,443.47,177
40,3,43,1765.0,443.47,183
40,3,44,1805.0,443.47,188
50,1,1,60.3,546.22,87
50,1,2,122.9,535.99,166
50,1,3,214.9,535.99,223
50,1,4,306.1,535.99,237
50,1,5,391.1,535.99,228
50,1,6,474.6,535.99,233
50,1,7,554.7,535.99,226
50,1,8,649.6,535.99,235
50,1,9,748.2,535.99,216
50,1,10,853.4,535.99,225
50,1,11,948.9,529.67,227
50,1,12,1039.0,529.67,232
50,1,13,1125.0,529.67,236
50,1,14,1210.0,529.67,236
50,1,15,1309.3,529.67,232
50,1,16,1398.8,529.67,227
50,1,17,1489.6,529.67,222
50,1,18,1572.6,529.67,212
50,1,19,1657.4,529.67,218
50,1,20,1738.5,529.67,233
50,1,21,1820.3,529.67,228
50,2,1,57.8,658.01,87
50,2,2,121.0,598.61,167
50,2,3,200.9,593.57,231
50,2,4,284.5,593.57,228
50,2,5,372.1,585.62,226
50,2,6,454.8,585.62,237
50,2,7,538.8,585.62,231
50,2,8,630.5,585.62,221
50,2,9,709.7,585.62,223
50,2,10,796.7,576.5,228
50,2,11,884.4,576.5,230
50,2,12,976.3,576.5,229
50,2,13,1058.5,576.5,214
50,2,14,1150.3,576.5,236
50,2,15,1240.1,576.5,234
50,2,16,1320.3,576.5,215
50,2,17,1404.1,576.5,227
50,2,18,1486.3,576.5,229
50,2,19,1580.0,576.5,228
50,2,20,1660.1,576.5,222
50,2,21,1742.5,576.5,213
50,2,22,1839.8,576.5,216
50,3,1,58.4,539.27,87
50,3,2,128.5,524.06,163
50,3,3,211.1,524.06,233
50,3,4,294.4,524.06,277
50,3,5,384.4,524.06,230
50,3,6,467.9,524.06,232
50,3,7,564.7,524.06,220
50,3,8,647.6,524.06,220
50,3,9,727.4,524.06,229
50,3,10,819.4,521.08,234
50,3,11,914.3,521.08,233
50,3,12,1000.3,521.08,223
50,3,13,1083.9,521.08,223
50,3,14,1166.4,521.08,232
50,3,15,1252.8,521.08,225
50,3,16,1351.9,521.08,220
50,3,17,1443.5,521.08,229
50,3,18,1531.3,521.08,231
50,3,19,1613.3,521.08,235
50,3,20,1697.3,521.08,227
50,3,21,1785.7,521.08,224
50,3,22,1800.5,521.08,234
